"Model";"Description";"Pro";"Con";"Examples";"Potential"
"Open Source Support Model";"Companies offer professional services like technical support, custom development, or consulting around an open-source product.";"Can generate substantial revenue, especially for complex software that requires expert assistance.";"It can be resource-intensive and challenging to scale.";"Red Hat, IBM";"High"
"Software as a Service (SaaS) Model";"This involves offering a cloud-based version of the open-source software, sometimes with added features, on a subscription basis.";"Recurring revenue model with high scalability.";"Needs significant infrastructure and can be expensive to start.";"GitHub, GitLab";"Very High"
"Dual Licensing Model";"Companies release their product under both an open-source and a commercial license, where the commercial license is typically for customers who wish to keep their modifications private.";"Allows monetization while keeping the software open source.";"Can cause community friction; commercial competition can build on the open-source version.";"MySQL, MongoDB";"High"
"Product Specialists Model";"Businesses offer a highly specialized product or service based on an open-source project.";"Able to generate high revenue by targeting niche markets.";"Limited market size.";"Mirantis (OpenStack), Cloudera (Hadoop)";"Medium"
"Open Core Model";"Core features are open source, but premium features are under a proprietary license.";"Mixes benefits of open source and proprietary software.";"The balance between open source and proprietary features can be difficult to maintain.";"GitLab, Databricks";"High"
"Freemium Model";"The basic version of the software is free, but users pay for advanced features.";"Provides a low entry barrier for users and potential upsell opportunities.";"Monetizing users can be challenging; the majority will likely use the free version only.";"Docker, Elastic";"Medium"
"Crowdfunding/Donation Model";"Rely on the community's generosity to fund the project through donations or crowdfunded campaigns.";"Can fund passion projects or niche software without commercial pressures.";"Unpredictable and typically doesn't generate substantial revenue.";"Wikipedia, various projects on Kickstarter";"Low"
"Partnership Model";"Collaborate with other businesses for commercial offerings, typically by integrating or bundling open source software with other products.";"Access to new customers and markets.";"Dependent on the success and strategies of partner companies.";"Canonical (Ubuntu), Red Hat";"Medium"
"Platform Provider Model";"Open-source software is used as a platform for third-party vendors to build upon and sell their own products.";"Can create a vibrant ecosystem around the product.";"Difficult to get a cut of the third-party sales.";"WordPress, Drupal";"Medium"
"Advertising Model";"Revenue generated from ads displayed on the project website or within the application itself.";"Provides a source of revenue that doesn't directly cost the user.";"Can negatively impact user experience; depends on high user traffic.";"Various open-source browser extensions and mobile apps";"Low"
